document_id,question,answer
faq_1,how can i create an account,to create an account click on the sign up button on the top right corner of our website and follow the instructions to complete the registration process
faq_2,what payment methods do you accept,we accept major credit cards debit cards and paypal as payment methods for online orders
faq_3,how can i track my order,you can track your order by logging into your account and navigating to the order history section there you will find the tracking information for your shipment
faq_4,what is your return policy,our return policy allows you to return products within 30 days of purchase for a full refund provided they are in their original condition and packaging please refer to our returns page for detailed instructions
faq_5,can i cancel my order,you can cancel your order if it has not been shipped yet please contact our customer support team with your order details and we will assist you with the cancellation process
faq_6,how long does shipping take,shipping times vary depending on the destination and the shipping method chosen standard shipping usually takes 3 5 business days while express shipping can take 1 2 business days
faq_7,do you offer international shipping,yes we offer international shipping to select countries the availability and shipping costs will be calculated during the checkout process based on your location
faq_8,what should i do if my package is lost or damaged,if your package is lost or damaged during transit please contact our customer support team immediately we will initiate an investigation and take the necessary steps to resolve the issue
faq_9,can i change my shipping address after placing an order,if you need to change your shipping address please contact our customer support team as soon as possible we will do our best to update the address if the order has not been shipped yet
faq_10,how can i contact customer support,you can contact our customer support team by phone at phone number or by email at email address our team is available working hours to assist you with any inquiries or issues you may have
faq_11,do you offer gift wrapping services,yes we offer gift wrapping services for an additional fee during the checkout process you can select the option to add gift wrapping to your order
faq_12,what is your price matching policy,we have a price matching policy where we will match the price of an identical product found on a competitor s website please contact our customer support team with the details of the product and the competitor s offer
faq_13,can i order by phone,unfortunately we do not accept orders over the phone please place your order through our website for a smooth and secure transaction
faq_14,are my personal and payment details secure,yes we take the security of your personal and payment details seriously we use industry standard encryption and follow strict security protocols to ensure your information is protected
faq_15,what is your price adjustment policy,if a product you purchased goes on sale within 7 days of your purchase we offer a one time price adjustment please contact our customer support team with your order details to request the adjustment
faq_16,do you have a loyalty program,yes we have a loyalty program where you can earn points for every purchase these points can be redeemed for discounts on future orders please visit our website to learn more and join the program
faq_17,can i order without creating an account,yes you can place an order as a guest without creating an account however creating an account offers benefits such as order tracking and easier future purchases
faq_18,do you offer bulk or wholesale discounts,yes we offer bulk or wholesale discounts for certain products please contact our customer support team or visit our wholesale page for more information and to discuss your specific requirements
faq_19,can i change or cancel an item in my order,if you need to change or cancel an item in your order please contact our customer support team as soon as possible we will assist you with the necessary steps
faq_20,how can i leave a product review,to leave a product review navigate to the product page on our website and click on the write a review button you can share your feedback and rating based on your experience with the product
faq_21,can i use multiple promo codes on a single order,usually only one promo code can be applied per order during the checkout process enter the promo code in the designated field to apply the discount to your order
faq_22,what should i do if i receive the wrong item,if you receive the wrong item in your order please contact our customer support team immediately we will arrange for the correct item to be shipped to you and assist with returning the wrong item
faq_23,do you offer expedited shipping,yes we offer expedited shipping options for faster delivery during the checkout process you can select the desired expedited shipping method
faq_24,can i order a product that is out of stock,if a product is currently out of stock you will usually see an option to sign up for product notifications this way you will be alerted when the product becomes available again
faq_25,what is your email newsletter about,our email newsletter provides updates on new product releases exclusive offers and helpful tips related to our products you can subscribe to our newsletter on our website
faq_26,can i return a product if i changed my mind,yes you can return a product if you changed your mind please ensure the product is in its original condition and packaging and refer to our return policy for instructions
faq_27,do you offer live chat support,yes we offer live chat support on our website during our business hours look for the chat icon in the bottom right corner to initiate a chat with our customer support team
faq_28,can i order a product as a gift,yes you can order a product as a gift and have it shipped directly to the recipient during the checkout process you can enter the recipient s shipping address
faq_29,what should i do if my discount code is not working,if your discount code is not working please double check the terms and conditions associated with the code if the issue persists contact our customer support team for assistance
faq_30,can i return a product if it was a final sale item,final sale items are usually non returnable and non refundable please review the product description or contact our customer support team to confirm the return eligibility for specific items
faq_31,do you offer installation services for your products,installation services are available for select products please check the product description or contact our customer support team for more information and to request installation services
faq_32,can i order a product that is discontinued,discontinued products are no longer available for purchase we recommend exploring alternative products on our website
faq_33,can i return a product without a receipt,a receipt or proof of purchase is usually required for returns please refer to our return policy or contact our customer support team for assistance
faq_34,can i order a product for delivery to a different country,yes we offer international shipping to select countries please review the available shipping destinations during checkout or contact our customer support for assistance
faq_35,can i add a gift message to my order,yes you can add a gift message during the checkout process there is usually a section where you can enter your personalized message
faq_36,can i request a product demonstration before making a purchase,we do not currently offer product demonstrations before purchase however you can find detailed product descriptions specifications and customer reviews on our website
faq_37,can i order a product that is listed as coming soon,products listed as coming soon are not available for immediate purchase please sign up for notifications to be informed when the product becomes available
faq_38,can i request an invoice for my order,yes an invoice is usually included with your order if you require a separate invoice please contact our customer support team with your order details
faq_39,can i order a product that is labeled as limited edition,limited edition products may have restricted availability we recommend placing an order as soon as possible to secure your item
faq_40,can i return a product if i no longer have the original packaging,while returning a product in its original packaging is preferred you can still initiate a return without it contact our customer support team for guidance in such cases
faq_41,can i request a product that is currently out of stock to be reserved for me,we do not offer reservations for out of stock products however you can sign up for product notifications to be alerted when it becomes available again
faq_42,can i order a product that is listed as pre order with other in stock items,yes you can place an order with a mix of pre order and in stock items however please note that the entire order will be shipped once all items are available
faq_43,can i return a product if it was damaged during shipping,if your product was damaged during shipping please contact our customer support team immediately we will guide you through the return and replacement process
faq_44,can i request a product that is out of stock to be restocked,we strive to restock popular products whenever possible please sign up for product notifications to be informed when the item becomes available again
faq_45,can i order a product if it is listed as backordered,products listed as backordered are temporarily out of stock but can still be ordered your order will be fulfilled once the product is restocked
faq_46,can i return a product if it was purchased during a sale or with a discount,yes you can return a product purchased during a sale or with a discount the refund will be processed based on the amount paid after the discount
faq_47,can i request a product repair or replacement if it is damaged,if you receive a damaged product please contact our customer support team immediately we will assist you with the necessary steps for repair or replacement
faq_48,can i order a product if it is listed as out of stock but available for pre order,if a product is available for pre order you can place an order to secure your item the product will be shipped once it becomes available
faq_49,can i return a product if it was purchased as a gift,yes you can return a product purchased as a gift however refunds will typically be issued to the original payment method used for the purchase
faq_50,can i request a product if it is listed as discontinued,unfortunately if a product is listed as discontinued it is no longer available for purchase we recommend exploring alternative products on our website
faq_51,can i order a product if it is listed as sold out,if a product is listed as sold out it is currently unavailable for purchase please check back later or sign up for notifications when it becomes available again
faq_52,can i return a product if it was purchased with a gift card,yes you can return a product purchased with a gift card the refund will be issued in the form of store credit or a new gift card
faq_53,can i request a product if it is not currently available in my size,if a product is not available in your size it may be temporarily out of stock please check back later or sign up for size notifications
faq_54,can i order a product if it is listed as coming soon but available for pre order,if a product is listed as coming soon and available for pre order you can place an order to secure your item before it becomes available
faq_55,can i return a product if it was purchased with a discount code,yes you can return a product purchased with a discount code the refund will be processed based on the amount paid after the discount
faq_56,can i request a custom order or personalized product,we do not currently offer custom orders or personalized products please explore the available products on our website
faq_57,can i order a product if it is listed as temporarily unavailable,if a product is listed as temporarily unavailable it is out of stock but may be restocked in the future please check back later or sign up for notifications
faq_58,can i return a product if it was damaged due to improper use,our return policy generally covers products that are defective or damaged upon arrival damage due to improper use may not be eligible for a return please contact our customer support team for assistance
faq_59,can i request a product if it is listed as coming soon but not available for pre order,if a product is listed as coming soon but not available for pre order you will need to wait until it is officially released and becomes available for purchase
faq_60,can i order a product if it is listed as on hold,if a product is listed as on hold it is temporarily unavailable for purchase please check back later or sign up for notifications when it becomes available
faq_61,can i return a product if i no longer have the original receipt,while a receipt is preferred for returns we may be able to assist you without it please contact our customer support team for further guidance
faq_62,can i request a product that is listed as limited edition to be restocked,once a limited edition product is sold out it may not be restocked limited edition items are available for a limited time only so we recommend purchasing them while they are available
faq_63,can i order a product if it is listed as discontinued but still visible on the website,if a product is listed as discontinued but still visible on the website it may be an error please contact our customer support team for clarification
faq_64,can i return a product if it was a clearance or final sale item,clearance or final sale items are typically non returnable and non refundable please review the product description or contact our customer support team for more information
faq_65,can i request a product if it is not listed on your website,if a product is not listed on our website it may not be available for purchase we recommend exploring the available products or contacting our customer support team for further assistance
faq_66,can i order a product if it is listed as out of stock but available for backorder,if a product is listed as out of stock but available for backorder you can place an order to secure your item the product will be shipped once it becomes available
faq_67,can i return a product if it was purchased as part of a bundle or set,if a product was purchased as part of a bundle or set the return policy may vary please refer to the specific terms and conditions or contact our customer support team for further guidance
faq_68,can i request a product that is listed as out of stock to be restocked,we aim to restock popular products whenever possible please sign up for product notifications to be alerted when the item becomes available again
faq_69,can i order a product if it is listed as coming soon and available for pre order,if a product is listed as coming soon and available for pre order you can place an order to secure your item before it becomes available
faq_70,can i return a product if it was damaged due to mishandling during shipping,if your product was damaged due to mishandling during shipping please contact our customer support team immediately we will assist you with the necessary steps for return and replacement
faq_71,can i request a product that is listed as out of stock to be reserved for me,we do not offer reservations for out of stock products however you can sign up for product notifications to be alerted when the item becomes available again
faq_72,can i order a product if it is listed as pre order but available for backorder,if a product is listed as pre order and available for backorder you can place an order to secure your item the product will be shipped once it becomes available
faq_73,can i return a product if it was purchased with store credit,yes you can return a product purchased with store credit the refund will be issued in the form of store credit which you can use for future purchases
faq_74,can i request a product that is currently out of stock to be restocked,we strive to restock popular products whenever possible please sign up for product notifications to be informed when the item becomes available again
faq_75,can i order a product if it is listed as sold out but available for pre order,if a product is listed as sold out but available for pre order you can place an order to secure your item the product will be shipped once it becomes available
faq_76,can i return a product if it was purchased with a promotional gift card,yes you can return a product purchased with a promotional gift card the refund will be issued in the form of store credit or a new gift card
faq_77,can i request a product if it is not currently available in my preferred color,if a product is not available in your preferred color it may be temporarily out of stock please check back later or sign up for color notifications
faq_78,can i order a product if it is listed as coming soon and not available for pre order,if a product is listed as coming soon but not available for pre order you will need to wait until it is officially released and becomes available for purchase
faq_79,can i return a product if it was purchased during a promotional event,yes you can return a product purchased during a promotional event the refund will be processed based on the amount paid after any applicable discounts
